;mean_lux1;mean_lux2;mean_par;mean_ph;mean_t1;mean_t2;Principal Component 1;Principal Component 2
mean_lux1;1.0;0.9495702707776038;0.8865147792657707;-0.31244926079024177;0.6075244949030518;0.058322192992860226;0.8880290534853861;0.4053520998841951
mean_lux2;0.9495702707776038;1.0;0.9100626671649892;-0.34532807806100024;0.610119164217746;0.10332864202609711;0.9054320491299032;0.37432197564387604
mean_par;0.8865147792657707;0.9100626671649892;1.0;-0.31889527996197553;0.5470176704319124;0.10010625118352445;0.8697950397020521;0.3846217505674787
mean_ph;-0.31244926079024177;-0.34532807806100024;-0.31889527996197553;1.0;-0.6519543033748795;-0.6122953005691882;-0.6315923534455746;0.5934169244434946
mean_t1;0.6075244949030518;0.610119164217746;0.5470176704319124;-0.6519543033748795;1.0;0.631653885415236;0.8451937727591498;-0.3615057322518816
mean_t2;0.058322192992860226;0.10332864202609711;0.10010625118352445;-0.6122953005691882;0.631653885415236;1.0;0.4325938058952561;-0.8162152472449862
Principal Component 1;0.8880290534853861;0.9054320491299032;0.8697950397020521;-0.6315923534455746;0.8451937727591498;0.4325938058952561;1.0;2.638605949768112e-16
Principal Component 2;0.4053520998841951;0.37432197564387604;0.3846217505674787;0.5934169244434946;-0.3615057322518816;-0.8162152472449862;2.638605949768112e-16;1.0
